id,content,username,url,upvotes,comments,timestamp,subreddit,keywords,vec
t3_18nafpc,"Clot-busting ""millirobots"" corkscrew their way through blood vessels",@user,https://newatlas.com/medical/millirobots-blood-clots/,1,49,2 mo. ago,,"blood vessels, way, millirobots, corkscrew, clot, busting",
t3_18nj5q2,New nuclear deflection simulations advance planetary defense against asteroid threats,@user,https://phys.org/news/2023-12-nuclear-deflection-simulations-advance-planetary.html,1,104,2 mo. ago,,"new nuclear deflection simulations advance planetary defense, asteroid threats",
t3_18ntq3h,IBM Demos Transistor with Liquid Nitrogen Cooling,@user,https://spectrum.ieee.org/nanosheet-transistor,479,22,2 mo. ago,,"liquid nitrogen cooling, ibm demos transistor",
t3_18ocvbj,"Scientists create water-spitting 'flying dragon' robot to fight fires | The robot features eight adjustable water jets in its central and head regions, with a flexible firehose directed by a control unit on a trailing wheeled cart.",@user,https://interestingengineering.com/innovation/flying-dragon-robot-for-firefighting,1,42,2 mo. ago,,"robot features eight adjustable water jets, scientists create water, trailing wheeled cart, flexible firehose directed, head regions, flying dragon, fight fires, control unit, robot, spitting, central",
t3_18odaru,Head zaps help surgeons transfer skills from VR to IRL,@user,https://newatlas.com/medical/transcranial-electrical-stimulation-cerebellum-training-skill-acquisition/,588,48,2 mo. ago,,"head zaps help surgeons transfer skills, vr, irl",
t3_18p6140,This vibrating pill could trick your stomach into feeling full | The pill stimulates the nerve endings in the stomach and alters the hormones related to hunger and satiety.,@user,https://interestingengineering.com/health/this-vibrating-pill-could-trick-your-stomach-into-feeling-full,2,315,2 mo. ago,,"vibrating pill could trick, pill stimulates, nerve endings, hormones related, feeling full, stomach, stomach, satiety, hunger, alters",
t3_18pen3n,IBM demonstrates a nanosheet transistor that can withstand boiling nitrogen | IBM's concept nanosheet transistor could eventually lead to the development of a new class of chip,@user,https://www.techspot.com/news/101318-ibm-demonstrates-nanosheet-transistor-can-withstand-boiling-nitrogen.html,317,18,2 mo. ago,,"concept nanosheet transistor could eventually lead, withstand boiling nitrogen, nanosheet transistor, new class, ibm demonstrates, ibm, development, chip",
t3_18q623w,"Wireless TVs use built-in cameras, NFC readers to sell you stuff you see on TV. TV makers are getting more aggressive about using their hardware for ads.",@user,https://arstechnica.com/gadgets/2023/12/upcoming-wireless-tvs-sell-users-on-screen-products-when-they-raise-their-hand/,843,186,2 mo. ago,,"wireless tvs use built, nfc readers, tv makers, tv, using, stuff, sell, see, hardware, getting, cameras, aggressive, ads",
t3_18qmwme,Magnetic Knots Push Future Computing Toward 3D. Twisted structures called hopfions are easy to move but hard to destroy,@user,https://spectrum.ieee.org/topology-in-computer-magnetic-knots,739,41,2 mo. ago,,"magnetic knots push future computing toward 3d, twisted structures called hopfions, move, hard, easy, destroy",
t3_18racr6,"New Photonic Chip Is the Full Package. For the first time, researchers place a photonic filter and modulator on a standard chip.",@user,https://spectrum.ieee.org/photonic-chip,549,41,2 mo. ago,,"new photonic chip, standard chip, photonic filter, researchers place, full package, first time, modulator",
t3_18s2jjn,Molecular jackhammers’ ‘good vibrations’ eradicate cancer cells. Light-induced whole-molecule vibration can rupture melanoma cells’ membrane.,@user,https://news.rice.edu/news/2023/molecular-jackhammers-good-vibrations-eradicate-cancer-cells,59,0,2 mo. ago,,"molecular jackhammers ’ ‘ good vibrations ’ eradicate cancer cells, rupture melanoma cells ’ membrane, molecule vibration, induced whole, light",
t3_18s4n14,Moderna’s mRNA cancer vaccine works even better than thought,@user,https://www.freethink.com/health/cancer-vaccine,6,469,2 mo. ago,,"mrna cancer vaccine works even better, moderna ’, thought",
t3_18ss7tf,"CERN's LHC to explore new frontiers with US-made superconducting magnets | The upgrade, known as the high-luminosity LHC (HL-LHC), will require new types of magnets to focus the beams of protons more tightly at the collision points of the ATLAS and CMS experiments.",@user,https://interestingengineering.com/innovation/new-magnets-for-lhc-upgrade-arrive-at-cern-from-us,448,24,2 mo. ago,,"require new types, explore new frontiers, made superconducting magnets, collision points, cms experiments, luminosity lhc, lhc ),, magnets, lhc, us, upgrade, tightly, protons, known, hl, high, focus, cern, beams, atlas",
t3_18sx3yn,This E-tongue mimicks human taste and recommends wine with different foods | Scientists pave the way for new culinary frontiers.,@user,https://interestingengineering.com/innovation/this-e-tongue-mimicks-human-taste-and-recommends-wine-with-different-foods,98,21,2 mo. ago,,"tongue mimicks human taste, new culinary frontiers, scientists pave, recommends wine, different foods, way, e",
t3_18t51pq,The first EV with a lithium-free sodium battery hits the road in January,@user,https://www.engadget.com/the-first-ev-with-a-lithium-free-sodium-battery-hits-the-road-in-january-214828536.html,1,108,2 mo. ago,,"free sodium battery hits, first ev, road, lithium, january",
t3_18tanws,"High-tech mouthguard with sensors redefines safety in sports, military | A cutting-edge mouthguard designed for athletes and soldiers is preventing concussions by 'sensing' real-time head impacts.",@user,https://interestingengineering.com/health/high-tech-mouthguard-concussion-sports,91,7,2 mo. ago,,"time head impacts, sensors redefines safety, edge mouthguard designed, tech mouthguard, preventing concussions, sports, soldiers, sensing, real, military, high, cutting, athletes",
t3_18tmnxh,Physicists upgrade world's biggest atom smasher to probe dark photons | The Compact Muon Solenoid (CMS) ongoing Run 3 experiment has presented its initial findings about the elusive dark photons.,@user,https://interestingengineering.com/science/physicists-upgrade-worlds-biggest-atom-smasher,938,75,2 mo. ago,,"ongoing run 3 experiment, probe dark photons, physicists upgrade world, elusive dark photons, compact muon solenoid, biggest atom smasher, initial findings, presented, cms",
t3_18tqz3n,Scientists develop 'flying dragon' robot to fight fires from a distance,@user,https://techxplore.com/news/2023-12-scientists-flying-dragon-robot-distance.html,1,49,2 mo. ago,,"scientists develop, flying dragon, fight fires, robot, distance",
t3_18uhv4b,"A high-tech mouthguard that might help prevent concussions. Designed for athletes and soldiers, this new device provides real-time measurements of head impacts, reducing the risk of traumatic brain injury.",@user,https://www.technologyreview.com/2023/12/27/1084613/mouthguard-concussion-traumatic-brain-injury-sports-military/,1,124,2 mo. ago,,"new device provides real, might help prevent concussions, traumatic brain injury, time measurements, tech mouthguard, head impacts, soldiers, risk, reducing, high, designed, athletes",
t3_18vzsdn,"In a new study, Cornell scientists show that genetically engineering bacteria could improve the efficiency for the purification of elements found in smartphones, computers, electric cars and wind turbines, and could even boost global economic supply chains.",@user,https://news.cornell.edu/stories/2023/12/little-bacterium-may-make-big-impact-rare-earth-processing,1,43,2 mo. ago,,"could even boost global economic supply chains, genetically engineering bacteria could improve, cornell scientists show, wind turbines, new study, elements found, electric cars, smartphones, purification, efficiency, computers",
t3_18wcqji,Nanotech Energy announces 18650 lithium-ion battery that resists burning down homes and cars,@user,https://www.notebookcheck.net/Nanotech-Energy-announces-18650-lithium-ion-battery-that-resists-burning-down-homes-and-cars.788506.0.html,679,66,2 mo. ago,,"nanotech energy announces 18650 lithium, resists burning, ion battery, homes, cars",
t3_18wys6z,"SR-72: US secret hypersonic jet to allegedly break sound barrier in 2025 | Believed to be a top-secret project of the US Air Force, the SR-72 is touted to reach over 4,000 mph (6,437 kph), making it the fastest plane ever developed.",@user,https://interestingengineering.com/military/secret-us-hypersonic-jet-2025,2,433,2 mo. ago,,"fastest plane ever developed, allegedly break sound barrier, 437 kph ), making, us secret hypersonic jet, us air force, secret project, 000 mph, touted, top, sr, sr, reach, believed, 72, 72, 6, 4, 2025",
t3_18xnv3s,"Researchers have successfully engineered the world's first functional semiconductor using graphene | In the 21st century, the pursuit is to develop electronic devices that are both smaller and faster, whether for applications in the medical sector or robotics.",@user,https://interestingengineering.com/innovation/first-ever-functional-graphene-semiconductor,595,26,1 mo. ago,,"first functional semiconductor using graphene, develop electronic devices, successfully engineered, medical sector, 21st century, world, whether, smaller, robotics, researchers, pursuit, faster, applications",
t3_18xo622,Scientists invent heat-controlling circuitry that keeps electronics cool,@user,https://www.scientificamerican.com/article/scientists-finally-invent-heat-controlling-circuitry-that-keeps-electronics-cool/?utm_campaign=socialflow&utm_medium=social&utm_source=reddit,1,71,1 mo. ago,,"scientists invent heat, keeps electronics cool, controlling circuitry",
t3_18ybfmm,Non-toxic materials open door for better cameras on consumer electronics | Researchers from ICFO and Qurv have developed a new type of quantum dots that are non-toxic and phosphine-free and can achieve high performance in the SWIR range.,@user,https://interestingengineering.com/innovation/non-toxic-materials-open-door-for-better-cameras-on-consumer-electronics,77,4,1 mo. ago,,"toxic materials open door, achieve high performance, swir range, quantum dots, new type, consumer electronics, better cameras, toxic, researchers, qurv, phosphine, non, non, icfo, free, developed",
t3_18yc3yv,"In a breakthrough, diabetics’ damaged cells regenerated to produce insulin | The discovery could mean that, one day, diabetics won't need to take multiple daily insulin injections.",@user,https://newatlas.com/medical/regenerate-pancreatic-beta-cells-insulin-type-1-diabetes/,3,88,1 mo. ago,,"take multiple daily insulin injections, diabetics ’ damaged cells regenerated, discovery could mean, produce insulin, one day, diabetics, need, breakthrough",
t3_18ymjpj,World's first partial heart transplant grows valves and arteries | This method can 'potentially double the number of hearts that are used for the benefit of children with heart disease.',@user,https://interestingengineering.com/health/partial-heart-transplant-valves-arteries,358,5,1 mo. ago,,"first partial heart transplant grows valves, heart disease .', potentially double, world, used, number, method, hearts, children, benefit, arteries",
t3_18z5end,‘Smart tweezer’ can pluck out single bacterium target from microbiome,@user,https://newatlas.com/medical/smart-tweezer-bacteria-precision-microbiome/,1,41,1 mo. ago,,"‘ smart tweezer ’, single bacterium target, pluck, microbiome",
t3_18zyj4t,Eye-tracking window tech tells sightseers about what they're looking at,@user,https://newatlas.com/electronics/ai-interactive-vehicle-display-eye-tracking-bus-window/,740,76,1 mo. ago,,"tracking window tech tells sightseers, looking, eye",
t3_19095ad,"Wearable Robotic Exosuit Improves Walking for Individuals With Parkinson’s Disease | Robotic exosuit eliminated gait freezing, a common and highly debilitating symptom.",@user,https://www.technologynetworks.com/tn/news/wearable-robotic-exosuit-improves-walking-for-individuals-with-parkinsons-disease-382513,992,30,1 mo. ago,,"wearable robotic exosuit improves walking, robotic exosuit eliminated gait freezing, highly debilitating symptom, parkinson ’, individuals, disease, common",
t3_190wtkh,Silk-Based Transistors For Hybrid Applications. Silk incorporated as insulators could grant new sensing abilities to transistors.,@user,https://spectrum.ieee.org/organic-transistor-silk,614,16,1 mo. ago,,"insulators could grant new sensing abilities, hybrid applications, silk incorporated, based transistors, transistors, silk",
t3_191b8t3,These AI-powered apps can hear the cause of a cough,@user,https://www.technologyreview.com/2024/01/05/1086196/ai-powered-apps-are-tracking-the-sounds-of-sickness/,346,32,1 mo. ago,,"powered apps, hear, cough, cause, ai",
t3_191qrib,A light sail that could one day propel small spacecraft through interstellar realms is headed to the International Space Station and will be tested by astronauts on behalf of Cornell’s Space Systems Design Studio.,@user,https://news.cornell.edu/stories/2024/01/cornell-light-sail-deploy-international-space-station,1,42,1 mo. ago,,"could one day propel small spacecraft, space systems design studio, international space station, light sail, interstellar realms, cornell ’, tested, headed, behalf, astronauts",
t3_192efjm,Air-steered X-65 jet from DARPA enters manufacturing phase,@user,https://www.theregister.com/2024/01/04/darpas_airsteered_x65_jet_heads/,803,75,1 mo. ago,,"darpa enters manufacturing phase, steered x, 65 jet, air",
t3_192kjg0,"Solid-state battery design offers 6,000 cycles and 10-minute charge | The design solves dendrite-related issues by creating a multilayer battery with diverse materials and managing dendrites by containment.",@user,https://interestingengineering.com/innovation/solid-state-battery-design-offers-6000-cycles-and-10-minute-charge,754,91,1 mo. ago,,"state battery design offers 6, design solves dendrite, multilayer battery, related issues, minute charge, managing dendrites, diverse materials, 000 cycles, solid, creating, containment, 10",
t3_1936gzk,Qualcomm's first-of-its-kind SoC can handle infotainment and ADAS on one chip,@user,https://interestingengineering.com/transportation/qualcomms-first-of-its-kind-soc-can-handle-infotainment-and-adas-on-one-chip,148,15,1 mo. ago,,"one chip, kind soc, handle infotainment, qualcomm, first, adas",
t3_19393xw,10x Stronger Than Kevlar: Amorphous Silicon Carbide Could Revolutionize Material Science,@user,https://scitechdaily.com/10x-stronger-than-kevlar-amorphous-silicon-carbide-could-revolutionize-material-science/,1,115,1 mo. ago,,"amorphous silicon carbide could revolutionize material science, 10x stronger, kevlar",
t3_1940hv0,"E-Nose Sniffs Out Coffee Varieties Nearly Perfectly | Like Shazam but for java, the tech can help quantify coffee signatures",@user,https://spectrum.ieee.org/e-nose-coffee-classifier,702,61,1 mo. ago,,"help quantify coffee signatures, coffee varieties nearly perfectly, nose sniffs, like shazam, tech, java, e",
t3_1949o4t,Innovative design achieves tenfold better resolution for functional MRI brain imaging,@user,https://news.berkeley.edu/2023/11/27/innovative-design-achieves-tenfold-better-resolution-for-functional-mri-brain-imaging,777,21,1 mo. ago,,"innovative design achieves tenfold better resolution, functional mri brain imaging",
t3_194hvcu,"Researchers trap CO2 from air into nanofibers to prevent its release | The two-step process also produces hydrogen gas as a by-product, which could also be used as a zero-emission fuel.",@user,https://interestingengineering.com/science/convert-co2-to-carbon-fibers,1,84,1 mo. ago,,"step process also produces hydrogen gas, researchers trap co2, could also, emission fuel, zero, used, two, release, product, prevent, nanofibers, air",
t3_194imwe,How Microsoft found a potential new battery material using AI,@user,https://www.theverge.com/24027031/microsoft-new-solid-state-battery-material-ai,108,5,1 mo. ago,,"potential new battery material using ai, microsoft found",
t3_194u6e1,"""Millennium Camera"" to take a 1,000-year long-exposure photo",@user,https://newatlas.com/photography/millennium-camera-1000-year-long-exposure-photo/,1,175,1 mo. ago,,"year long, millennium camera, exposure photo, take, 1, 000",
t3_195j95f,Autophage rocket engine consumes plastic fuselage for fuel,@user,https://www.theengineer.co.uk/content/news/autophage-rocket-engine-consumes-plastic-fuselage-for-fuel,678,46,1 mo. ago,,"autophage rocket engine consumes plastic fuselage, fuel",
t3_195pom2,The innovation that gets an Alzheimer’s drug through the blood-brain barrier. Focused ultrasound is just one strategy researchers are using to get drugs into the brain.,@user,https://www.technologyreview.com/2024/01/12/1086442/the-innovation-that-gets-an-alzheimers-drug-through-the-blood-brain-barrier/,995,36,1 mo. ago,,"one strategy researchers, get drugs, focused ultrasound, alzheimer ’, brain barrier, brain, using, innovation, gets, drug, blood",
t3_196fba6,Biotagging method for animal identification using dissolvable microneedle arrays prepared by customisable moulds,@user,https://newatlas.com/science/microneedle-patch-tattoo-pets/,19,0,1 mo. ago,,"animal identification using dissolvable microneedle arrays prepared, customisable moulds, biotagging method",
t3_196fcxp,MIT’s New Desalination System Produces Freshwater That Is “Cheaper Than Tap Water”,@user,https://scitechdaily.com/mits-new-desalination-system-produces-freshwater-that-is-cheaper-than-tap-water/,6,380,1 mo. ago,,"new desalination system produces freshwater, tap water ”, “ cheaper, mit ’",
t3_197ccra,Daimler Truck Fuels Big Rigs With Hydrogen GenH2’s fuel-cell-powered semi will hit German roads by middle of this year,@user,https://spectrum.ieee.org/hydrogen-truck,943,59,1 mo. ago,,"daimler truck fuels big rigs, hydrogen genh2 ’, hit german roads, powered semi, year, middle, fuel, cell",
t3_1984zdt,Mesh Wearables Meld Micro Sensors and LoRa Smarts. Say goodbye to box-and-strap wearable tech of old.,@user,https://spectrum.ieee.org/wearable-medical-devices-lora,335,15,1 mo. ago,,"mesh wearables meld micro sensors, strap wearable tech, say goodbye, lora smarts, old, box",
t3_198v1gl,"Researchers use wireless sensor 5 times thinner than hair to map brain | UC San Diego researchers unveil a revolutionary brain monitoring system, enabling high-resolution, wireless recording in deep brain structures for diverse clinical applications.",@user,https://interestingengineering.com/science/researchers-map-brain-with-sensor-5-times-thinner-than-hair,555,18,1 mo. ago,,"researchers use wireless sensor 5 times thinner, uc san diego researchers unveil, revolutionary brain monitoring system, diverse clinical applications, deep brain structures, wireless recording, map brain, enabling high, resolution, hair",
t3_198v99i,"""Dirt-powered fuel cell"" draws near-limitless energy from soil | Paperback-sized device that nestles in soil, harvests power created as microbes break down dirt.",@user,https://newatlas.com/energy/dirt-powered-fuel-cell/,1,135,1 mo. ago,,"powered fuel cell, harvests power created, sized device, microbes break, limitless energy, draws near, soil, soil, paperback, nestles, dirt, dirt",
t3_199odht,EU breakthrough laser beams could power nanosatellites in space wirelessly | The research project demonstrated a power output of 20 watts using a fiber-optic laser and aims to increase this to kilowatts in the future.,@user,https://interestingengineering.com/innovation/high-power-laser-powers-nanosatellite,287,27,1 mo. ago,,"eu breakthrough laser beams could power nanosatellites, research project demonstrated, 20 watts using, power output, optic laser, space wirelessly, kilowatts, increase, future, fiber, aims",
t3_199oo7c,"Crop Health Sensor Runs on Solar, Microbe Power | Electrical measurements on plant stem enable better water resource monitoring",@user,https://spectrum.ieee.org/smart-agriculture-crop-moisture-sensor,571,5,1 mo. ago,,"plant stem enable better water resource monitoring, crop health sensor runs, microbe power, electrical measurements, solar",
t3_19a81tm,Researchers develop artificial 'power plants' in the form of tiny leaf-shapes to harness energy from the wind and rain.,@user,https://interestingengineering.com/energy/power-plants-wind-rain-electricity,507,11,1 mo. ago,,"researchers develop artificial, tiny leaf, power plants, harness energy, wind, shapes, rain, form",
t3_19ajjit,The next generation of nuclear reactors is getting more advanced. Here’s how.,@user,https://www.technologyreview.com/2024/01/18/1086753/advanced-nuclear-power/,938,160,1 mo. ago,,"nuclear reactors, next generation, ’, getting, advanced",
t3_19aw6pu,Experts craft life-saving 'robot medics' for triage in high-risk places,@user,https://interestingengineering.com/innovation/experts-craft-life-saving-robot-medics-for-triage-in-high-risk-places,303,43,28 days ago,,"experts craft life, robot medics, risk places, triage, saving, high",
t3_19awd7f,Researchers develop world's first functioning graphene semiconductor | Breakthrough could eventually lead to terahertz processors,@user,https://www.techspot.com/news/101581-researchers-develop-world-first-functioning-graphene-semiconductor.html,1,84,28 days ago,,"first functioning graphene semiconductor, breakthrough could eventually lead, researchers develop world, terahertz processors",
t3_19bgdt0,Flying Kites Deliver Container-Size Power Generation. Automated wind-energy system brings portable renewables off-grid.,@user,https://spectrum.ieee.org/micro-wind-power-kitepower,788,50,28 days ago,,"energy system brings portable renewables, flying kites deliver container, size power generation, automated wind, grid",
t3_19c1zhq,Urea-powered nanorobots reduce bladder tumors by 90% in mice,@user,"https://www.news-medical.net/news/20240116/Urea-powered-nanorobots-reduce-bladder-tumors-by-9025-in-mice.aspx#:~:text=Urea%2Dpowered%20nanorobots%20reduce%20bladder%20tumors%20by%2090%25%20in%20mice,-Download%20PDF%20Copy&text=The%20research%2C%20which%20was%20conducted,radioisotope%20carried%20on%20their%20surface.",84,3,27 days ago,,"powered nanorobots reduce bladder tumors, urea, mice, 90",
t3_19c5r5r,Diodes at Right Angles Double Autofocus Capacity. Canon twists photosensor rules to build new tech from familiar parts.,@user,https://spectrum.ieee.org/autofocus-canon-twisted-diode,650,17,27 days ago,,"right angles double autofocus capacity, canon twists photosensor rules, build new tech, familiar parts, diodes",
t3_19cj9rr,Researchers transform polluted water into fuel with urea removal | WPI researchers are turning the tide on water pollution. Their material efficiently removes urea and holds the key to turning it into clean hydrogen fuel.,@user,https://interestingengineering.com/energy/researchers-transform-polluted-water-into-fuel-with-urea-removal,984,32,26 days ago,,"material efficiently removes urea, researchers transform polluted water, clean hydrogen fuel, wpi researchers, water pollution, urea removal, fuel, turning, turning, tide, key, holds",
t3_19cyp2d,"Liquid RAM Flexes for Wearables, Robots, Implants. A non-volatile version could be on its way, too.",@user,https://spectrum.ieee.org/flexible-electronics-flexram,596,29,26 days ago,,"volatile version could, liquid ram flexes, wearables, way, robots, non, implants",
t3_19czkxx,"BT Group Converts Telecom Infrastructure to EV Chargers | The telecom giant says 60,000 curbside cabinets could be adapted",@user,https://spectrum.ieee.org/ev-charging-station-bt-group,385,13,26 days ago,,"bt group converts telecom infrastructure, telecom giant says 60, 000 curbside cabinets could, ev chargers, adapted",
t3_19dnff8,Lightweight woven antenna could replace field-deployed dishes | A multi-stable deployable quadrifilar helix antenna with radiation reconfigurability for disaster-prone areas,@user,https://newatlas.com/telecommunications/woven-helical-antenna/,821,38,25 days ago,,"lightweight woven antenna could replace field, stable deployable quadrifilar helix antenna, radiation reconfigurability, prone areas, deployed dishes, multi, disaster",
t3_19dpcdy,Vibrating belt that treats low bone density gets FDA approval | The device is the first of its kind to provide a medication-free treatment option for post-menopausal women that have weakened bones.,@user,https://www.engadget.com/vibrating-belt-that-treats-low-bone-density-gets-fda-approval-181552362.html,380,39,25 days ago,,"treats low bone density gets fda approval, free treatment option, weakened bones, vibrating belt, menopausal women, provide, post, medication, kind, first, device",
t3_19eg3rh,Gene Therapy Allows an 11-Year-Old Boy to Hear for the First Time,@user,https://www.nytimes.com/2024/01/23/health/deaf-gene-therapy.html,4,185,24 days ago,,"gene therapy allows, old boy, first time, year, hear, 11",
t3_19f9mgt,Airborne infection risk plummets in face of metal nanoparticle spray | Silver oxide and copper oxide sprays provide a greater than 99% antiviral activity during a 24-hour period examined in the study.,@user,https://newatlas.com/materials/airborne-infection-risk-metal-nanoparticle-spray/,648,45,23 days ago,,"airborne infection risk plummets, copper oxide sprays provide, metal nanoparticle spray, hour period examined, silver oxide, antiviral activity, study, greater, face, 99, 24",
t3_19fazmd,World's 1st rhino pregnancy via embryo transfer offers hope to save species | Wildlife conservationists hail this groundbreaking achievement and see it as a potential step toward the protection of the critically endangered northern white rhino.,@user,https://interestingengineering.com/science/worlds-1st-rhino-pregnancy-embryo-transfer,2,55,23 days ago,,"1st rhino pregnancy via embryo transfer offers hope, critically endangered northern white rhino, wildlife conservationists hail, potential step toward, save species, groundbreaking achievement, world, see, protection",
t3_19fend9,Urease-powered nanobots for radionuclide bladder cancer therapy,@user,https://www.nature.com/articles/s41565-023-01577-y,31,5,23 days ago,,"radionuclide bladder cancer therapy, powered nanobots, urease",
t3_1abh0ct,"First AI-powered handheld medical device to assist physicians in detecting all three common skin cancers: basal cell carcinoma, squamous cell carcinoma, and melanoma.",@user,https://newatlas.com/medical/fda-clearance-first-ai-powered-medical-device-detect-common-skin-cancers/,839,35,22 days ago,,"three common skin cancers, powered handheld medical device, squamous cell carcinoma, basal cell carcinoma, first ai, assist physicians, melanoma, detecting",
t3_1acbhjt,"NASA’s Ingenuity Mars Helicopter Has Taken Its Final Flight. Originally designed for up to five flights on Mars, Ingenuity performed 72 over three years, until one of its rotor blades was damaged during landing on January 18.",@user,https://www.smithsonianmag.com/smart-news/nasa-ingenuity-mars-helicopter-taken-final-flight-180983667/,1,94,21 days ago,,"ingenuity performed 72, ingenuity mars helicopter, three years, rotor blades, originally designed, nasa ’, january 18, five flights, final flight, mars, taken, one, landing, damaged",
t3_1acpwdi,Disney offers an elegant solution to VR’s movement problem | TechCrunch,@user,https://techcrunch.com/2024/01/22/disney-holotile,437,63,20 days ago,,"vr ’, movement problem, elegant solution, disney offers, techcrunch",
t3_1ad5kow,"DNA From the Ocean’s ‘Twilight Zone’ Could Lead to New Lifesaving Drugs, Scientists Say. Researchers catalogued the genes of more than 300 million groups of marine bacteria, viruses and fungi in hopes that the database could lead to breakthroughs in medicine, energy and agriculture.",@user,https://www.smithsonianmag.com/smart-news/dna-from-oceans-twilight-zone-could-lead-to-new-lifesaving-drugs-scientists-say-180983606/,1,67,20 days ago,,"‘ twilight zone ’ could lead, database could lead, new lifesaving drugs, 300 million groups, ocean ’, scientists say, researchers catalogued, marine bacteria, viruses, medicine, hopes, genes, fungi, energy, dna, breakthroughs, agriculture",
t3_1add4yt,1/100th of the cost: CPU startup Tachyum claims that one of its processing units can rival dozens of Nvidia H200 GPUs — with a 99% saving that could turn the AI market on its head if true,@user,https://www.techradar.com/pro/1100th-of-the-cost-cpu-startup-tachyum-claims-that-one-of-its-processing-units-can-rival-dozens-of-nvidia-h200-gpus-with-a-99-saving-that-could-turn-the-ai-market-on-its-head-if-true,242,34,20 days ago,,"nvidia h200 gpus —, cpu startup tachyum claims, rival dozens, processing units, could turn, ai market, true, saving, one, head, cost, 99, 100th, 1",
t3_1adtlc2,"China creates atomic clock that will run error-free for 7.2 billion years | Using strontium and ultra-stable lasers, the researchers have built an optical clock, the second of its kind in the world.",@user,https://interestingengineering.com/innovation/optical-clock-accurate-billions-of-years,528,78,19 days ago,,"china creates atomic clock, 2 billion years, optical clock, using strontium, stable lasers, run error, world, ultra, second, researchers, kind, free, built, 7",
t3_1adtsmi,"A breakthrough clinical trial using gene therapy has restored hearing to five children born deaf | After six months, the children were able to recognize speech and hold conversations, raising hopes for wider use in the near future.",@user,https://newatlas.com/medical/born-deaf-hearing-restored-gene-therapy/,2,64,19 days ago,,"breakthrough clinical trial using gene therapy, five children born deaf, wider use, six months, restored hearing, recognize speech, raising hopes, near future, hold conversations, children, able",
t3_1adyjut,It turns out NASA’s Mars helicopter was much more revolutionary than we knew | Ingenuity packed more computing power than all other NASA deep space missions combined.,@user,https://arstechnica.com/space/2024/01/now-that-weve-flown-on-mars-what-comes-next-in-aerial-planetary-exploration/,792,33,19 days ago,,"nasa deep space missions combined, nasa ’, mars helicopter, ingenuity packed, computing power, turns, revolutionary, much, knew",
t3_1aemspz,"Researchers developed a battery-free sensor that reacts to sound waves, producing vibrational energy to power an electronic device | The novel sensor would not only reduce battery waste but could also power medical devices like cochlear implants or monitor buildings for faults.",@user,https://newatlas.com/energy/zero-energy-sensor-sound-powered-vibrational-energy-certain-words/,828,45,18 days ago,,"could also power medical devices like cochlear implants, producing vibrational energy, novel sensor would, reduce battery waste, power, free sensor, sound waves, researchers developed, monitor buildings, electronic device, battery, reacts, faults",
t3_1aeq46d,"RTX CHIMERA new microwave fries drone target during White Sands testing | Throughout a three-week field test, Raytheon's CHIMERA high-powered microwave system managed to fry static targets and track aerial targets flawlessly.",@user,https://interestingengineering.com/military/chimera-fries-static-targets-microwaves,532,66,18 days ago,,"rtx chimera new microwave fries drone target, powered microwave system managed, track aerial targets flawlessly, fry static targets, white sands testing, week field test, chimera high, throughout, three, raytheon",
t3_1af9joc,DNA particles that mimic viruses hold promise as vaccines,@user,https://phys.org/news/2024-01-dna-particles-mimic-viruses-vaccines.html,1,46,17 days ago,,"mimic viruses hold promise, dna particles, vaccines",
t3_1afi56c,"The New, New Transistor. In power electronics, aluminum nitride could overtake two powerhouses that only recently bested silicon.",@user,https://spectrum.ieee.org/aluminum-nitride,254,7,17 days ago,,"aluminum nitride could overtake two powerhouses, recently bested silicon, power electronics, new transistor, new",
t3_1afjsxn,"How bacteria and self-healing roads could soon fix the UK’s 750,000 potholes",@user,https://www.sciencefocus.com/future-technology/uk-roads-potholes,1,103,17 days ago,,"healing roads could soon fix, uk ’, 000 potholes, self, bacteria, 750",
t3_1afkx0i,"WaveAerospace has announced ""the world's fastest multirotor UAS,"" a ""new class of aircraft"" | A quadcopter drone with a 300+ mph jet turbine in the middle, capable of all-weather operation.",@user,https://newatlas.com/drones/huntress-turbojet-drone/,234,31,17 days ago,,"fastest multirotor uas ,"", mph jet turbine, weather operation, quadcopter drone, new class, world, waveaerospace, middle, capable, announced, aircraft, 300",
t3_1afkz22,"Phone vibration motor used to build 3D tumor model for cancer drug testing | Researchers pioneer a $7 DIY device, using a cell phone motor, for high-throughput 3D tumor spheroid creation, revolutionizing anti-cancer drug testing.",@user,https://interestingengineering.com/science/phone-vibration-motor-for-cancer-drug-testing,599,23,17 days ago,,"throughput 3d tumor spheroid creation, build 3d tumor model, phone vibration motor used, cell phone motor, cancer drug testing, cancer drug testing, 7 diy device, revolutionizing anti, researchers pioneer, using, high",
t3_1agcqw8,Can a Brain Implant Treat Addiction? Some experts tout deep brain stimulation as a lifeline for people struggling with opioid use. Others question the hype.,@user,https://www.smithsonianmag.com/innovation/can-a-brain-implant-treat-addiction-180983689/,380,57,16 days ago,,"experts tout deep brain stimulation, brain implant treat addiction, people struggling, others question, opioid use, lifeline, hype",
t3_1agdn18,"NASA's RST next-gen imaging tech lets experts directly view exoplanets | NASA's Roman Space Telescope, featuring the novel Coronagraph Instrument, is set to transform exoplanet imaging, pushing the boundaries of space exploration.",@user,https://interestingengineering.com/science/nasas-rst-next-gen-imaging-tech-lets-experts-directly-view-exoplanets,206,3,16 days ago,,"gen imaging tech lets experts directly view exoplanets, transform exoplanet imaging, novel coronagraph instrument, roman space telescope, space exploration, rst next, set, pushing, nasa, nasa, featuring, boundaries",
t3_1agetuk,The European Space Agency will test 3D printing metal on the ISS,@user,https://www.engadget.com/the-european-space-agency-will-test-3d-printing-metal-on-the-iss-154413028.html,992,42,16 days ago,,"test 3d printing metal, european space agency, iss",
t3_1agghs3,"HaLow Wi-Fi standard achieves 1.8-mile range in field test | Ultra-long range could support public Wi-Fi, IoT, smart buildings, and more",@user,https://www.techspot.com/news/101718-halow-wi-fi-standard-achieves-18-mile-range.html,439,38,16 days ago,,"long range could support public wi, fi standard achieves 1, mile range, halow wi, smart buildings, field test, fi, ultra, iot, 8",
t3_1agnias,Imaging method reveals new cells and structures in human brain tissue. A new microscopy technique that enables high-resolution imaging could one day help doctors diagnose and treat brain tumors.,@user,https://news.mit.edu/2024/imaging-method-reveals-new-cells-structures-human-brain-tissue-0131,657,16,15 days ago,,"resolution imaging could one day help doctors diagnose, imaging method reveals new cells, new microscopy technique, treat brain tumors, human brain tissue, enables high, structures",
t3_1ah2956,Infrared Sensors Can Now Peer Around Corners | Non-line-of-sight imaging is no longer restricted to visible wavelengths of light,@user,https://spectrum.ieee.org/non-line-of-sight-infrared,353,24,15 days ago,,"peer around corners, visible wavelengths, sight imaging, longer restricted, infrared sensors, non, line, light",
t3_1ah2i1c,"Nanoparticle Skin Patch Monitors Tumor Size During Cancer Care | The nanoparticle-infused skin patch can send its data to a smartphone, making tumor monitoring even easier.",@user,https://www.technologynetworks.com/tn/news/nanoparticle-skin-patch-monitors-tumor-size-during-cancer-care-383417,499,7,15 days ago,,"nanoparticle skin patch monitors tumor size, making tumor monitoring even easier, infused skin patch, cancer care, nanoparticle, smartphone, send, data",
t3_1ah4o2o,First functional human brain tissue produced through 3D printing | A team of researchers has created functional 3D-printed brain tissue to examine the brain's function and study various neurological disorders.,@user,https://interestingengineering.com/science/first-functional-human-brain-tissue-produced-through-3d-printing,1,94,15 days ago,,"first functional human brain tissue produced, study various neurological disorders, printed brain tissue, created functional 3d, 3d printing, brain, team, researchers, function, examine",
t3_1ahxz80,NASA’s Next-Generation ISS Spacesuit Passes Zero-Gravity Test,@user,https://gizmodo.com/nasa-s-next-generation-iss-spacesuit-passes-zero-gravit-1851220352,1,33,14 days ago,,"generation iss spacesuit passes zero, nasa ’, gravity test, next",
t3_1aincfc,This biodegradable sensor can tell if your food is safe from pesticides | The device could help ensure food safety in a world that faces food scarcity and health issues due to the excessive use of agrochemicals.,@user,https://interestingengineering.com/innovation/this-biodegradable-sensor-can-tell-you-if-your-food-is-safe-from-pesticides,1,58,13 days ago,,"device could help ensure food safety, faces food scarcity, health issues due, excessive use, biodegradable sensor, food, world, tell, safe, pesticides, agrochemicals",
t3_1ajdrfo,This new piezoelectric bandage can heal broken bones faster | The future of bone healing could feature 'bone bandages' that harness piezoelectricity and natural minerals.,@user,https://interestingengineering.com/science/this-new-piezoelectric-bandage-can-heal-broken-bones-faster,1,43,12 days ago,,"heal broken bones faster, bone healing could feature, new piezoelectric bandage, bone bandages, natural minerals, harness piezoelectricity, future",
t3_1ajflwy,Experimental gene therapy allows kids with inherited deafness to hear,@user,https://apnews.com/article/gene-therapy-deafness-hearing-6f38a9123a9cf7a0fd44d7e8402c9951,1,157,12 days ago,,"experimental gene therapy allows kids, inherited deafness, hear",
t3_1ajkgzg,"US firm plans to build 10,000 qubit quantum computer by 2026 | The first fault-tolerant quantum computer could be unveiled before the year end, marking an important milestone in the field.",@user,https://interestingengineering.com/innovation/10000-qubit-quantum-computer-2026,697,60,12 days ago,,"tolerant quantum computer could, 000 qubit quantum computer, us firm plans, year end, important milestone, first fault, build 10, unveiled, marking, field, 2026",
t3_1ak9pxq,AiSee wearable tells blind users what they're holding in their hand,@user,https://newatlas.com/wearables/aisee-wearable-blind-object-recognition/,575,31,11 days ago,,"aisee wearable tells blind users, holding, hand",
t3_1akbgkc,"Korean researchers develop heat-resistant material that withstands 1000°C/1832°F | Not just high temperatures, the material also works well under extreme UV exposure making it ideal for applications in space too.",@user,https://interestingengineering.com/innovation/heat-resistant-material-withstands-1000c,1,72,11 days ago,,"korean researchers develop heat, extreme uv exposure making, withstands 1000 ° c, material also works well, 1832 ° f, resistant material, high temperatures, space, ideal, applications",
t3_1al0z0l,Sugar cane waste converted into concrete-beating Sugarcrete | Substance has been incorporated into an eco-friendly building material,@user,https://newatlas.com/environment/sugar-cane-waste-sugarcrete-building-material/,2,142,10 days ago,,"sugar cane waste converted, friendly building material, beating sugarcrete, substance, incorporated, eco, concrete",
t3_1al62mj,Researchers have developed a new method to extract high-quality iron using hydrogen plasma-based reduction to turn toxic red mud into iron that is pure enough for steelmaking.,@user,https://www.technologynetworks.com/tn/news/producing-green-steel-from-toxic-industrial-waste-383563,278,12,10 days ago,,"quality iron using hydrogen plasma, turn toxic red mud, pure enough, new method, extract high, based reduction, iron, steelmaking, researchers, developed",
t3_1alklva,CERN unleashes powerful robot-dog to inspect nuclear radiation zones,@user,https://interestingengineering.com/innovation/cern-unleashes-powerful-robot-dog,580,51,9 days ago,,"inspect nuclear radiation zones, cern unleashes powerful robot, dog",
t3_1altk5w,AI can now master your music—and it does shockingly well,@user,https://arstechnica.com/ai/2024/02/mastering-music-is-hard-can-one-click-ai-make-it-easy/,370,83,9 days ago,,"shockingly well, music —, master, ai",
t3_1alxzqy,Inhalable sensors could enable early lung cancer detection,@user,https://news.mit.edu/2024/inhalable-sensors-early-lung-cancer-detection-0105,1,60,9 days ago,,inhalable sensors could enable early lung cancer detection,
t3_1alyut1,"Momentary Fusion Breakthroughs Face Hard Reality. New NIF data yields promise, though road to repeatability remains long.",@user,https://spectrum.ieee.org/nuclear-fusion-breakthrough-long-road,10,2,9 days ago,technews,"momentary fusion breakthroughs face hard reality, new nif data yields promise, repeatability remains long, though road",
t3_1ambhi8,"Gel and lithium-ion tech could enable 1000-mile EV range on one charge | Researchers achieve EV battery breakthrough with silicon-based materials and gel electrolytes, moving closer to a 1,000-kilometer range on a single charge.",@user,https://interestingengineering.com/transportation/gel-lithium-ion-tech-1000-mile-ev,852,90,8 days ago,,"ion tech could enable 1000, researchers achieve ev battery breakthrough, mile ev range, kilometer range, single charge, one charge, moving closer, based materials, gel electrolytes, gel, silicon, lithium, 1, 000",
t3_1amwhcv,Alternate qubit design does error correction in hardware. Early-stage technology has the potential to cut qubits needed for useful computers.,@user,https://arstechnica.com/science/2024/02/alternate-qubit-design-does-error-correction-in-hardware/,136,0,8 days ago,,"cut qubits needed, alternate qubit design, useful computers, stage technology, error correction, potential, hardware, early",
t3_1amwuof,"In a First, a Prosthetic Limb Can Sense Temperature Like a Living Hand",@user,https://www.smithsonianmag.com/science-nature/in-a-first-a-prosthetic-limb-can-sense-temperature-like-a-living-hand-180983765/,1,41,8 days ago,,"sense temperature like, prosthetic limb, living hand, first",
t3_1an27ye,Scientists develop a low-cost device to make cell therapy safer | A plastic microfluidic chip can remove some risky cells that could potentially become tumors before they are implanted in a patient.,@user,https://news.mit.edu/2024/scientists-develop-low-cost-device-safer-cell-therapy-0207,46,5,7 days ago,,"make cell therapy safer, could potentially become tumors, plastic microfluidic chip, scientists develop, risky cells, cost device, remove, patient, low, implanted",
t3_1anikxm,"This ultrasound sticker senses changing stiffness of deep internal organs. The sticky, wearable sensor could help identify early signs of acute liver failure.",@user,https://news.mit.edu/2024/ultrasound-sticker-senses-changing-stiffness-deep-internal-organs-0209,865,29,7 days ago,,"wearable sensor could help identify early signs, ultrasound sticker senses changing stiffness, deep internal organs, acute liver failure, sticky",
t3_1ao9qkg,'A mouse for your mouth': New device allows users to scroll with their tongues,@user,https://www.nbcnews.com/tech/tech-news/tongue-controlled-touchscreens-hit-market-year-rcna133270,820,110,6 days ago,,"mouth ': new device allows users, tongues, scroll, mouse",
t3_1aop1vh,"Tokyo scientists create nanoscrolls for next-gen tech | Researchers achieved a major breakthrough by crafting nanoscrolls using Janus nanosheets. This innovation unlocks doors to exciting possibilities in catalysis, optics, and clean energy.",@user,https://interestingengineering.com/innovation/tokyo-scientists-create-nanoscrolls-for-next-gen-tech,785,25,5 days ago,,"crafting nanoscrolls using janus nanosheets, tokyo scientists create nanoscrolls, innovation unlocks doors, researchers achieved, major breakthrough, gen tech, exciting possibilities, clean energy, optics, next, catalysis",
t3_1aozkt0,"28-ton, 1.2-megawatt tidal kite is now exporting power to the grid",@user,https://newatlas.com/energy/minesto-tidal-kite/,1,101,5 days ago,,"megawatt tidal kite, exporting power, ton, grid, 28, 2, 1",
t3_1ap2drh,Shining Laser Light on Glass Creates a Solar Cell | New energy and sensor applications could await,@user,https://spectrum.ieee.org/next-generation-solar-transparent-glass,262,5,5 days ago,,"sensor applications could await, shining laser light, solar cell, new energy, glass creates",
t3_1apefk7,"Deep Space Station 13 at NASA’s Goldstone complex in California – part of the agency’s Deep Space Network – is an experimental antenna that has been retrofitted with an optical terminal. In a first, this proof of concept received both radio frequency & laser signals from deep space at the same time.",@user,https://www.nasa.gov/technology/space-comms/deep-space-network/nasas-new-experimental-antenna-tracks-deep-space-laser/,5,4,4 days ago,space,"deep space station 13, deep space network –, california – part, deep space, radio frequency, optical terminal, nasa ’, laser signals, goldstone complex, experimental antenna, concept received, agency ’, time, retrofitted, proof, first",
t3_1aprvb2,"Chinese researchers develop calcium-based battery that lasts 700 cycles | Stable in the air at room temperature, the calcium-oxygen battery can be transformed into flexible fibers for next-gen wearables.",@user,https://interestingengineering.com/energy/chinese-researchers-develop-calcium-based-battery,1,74,4 days ago,,"chinese researchers develop calcium, lasts 700 cycles, room temperature, oxygen battery, gen wearables, flexible fibers, based battery, calcium, transformed, stable, next, air",
t3_1aq3geq,OpenAI CEO warns that 'societal misalignments' could make artificial intelligence dangerous,@user,https://apnews.com/article/uae-openai-sam-altman-artificial-intelligence-9593a03830c0ef83fdef76c68bb87118,137,18,4 days ago,,"could make artificial intelligence dangerous, openai ceo warns, societal misalignments",
t3_1aq4lah,"Replacement cartilage can grow in any shape with 3D-printed ""spheroids""",@user,https://newatlas.com/medical/cartilage-stem-cells-any-shape-3d-printed-spheroids/,655,34,3 days ago,,"replacement cartilage, spheroids, shape, printed, grow, 3d",
t3_1aqgfw8,Open-Source Security Chip Released. The first commercial chip based on the OpenTitan hardware security design has hit the market.,@user,https://spectrum.ieee.org/open-titan-chip,335,11,3 days ago,,"source security chip released, opentitan hardware security design, first commercial chip based, open, market, hit",
t3_1aqopii,NASA Puts Next-Gen Exoplanet-Imaging Technology to the Test,@user,https://www.jpl.nasa.gov/news/nasa-puts-next-gen-exoplanet-imaging-technology-to-the-test,905,15,3 days ago,,"nasa puts next, imaging technology, gen exoplanet, test",
t3_1ar2uvn,"Magnetic robotic catheter devised to efficiently treat ischemic strokes | The cutting-edge device with helical surface and rotational motion can navigate the vascular system efficiently, targeting diseased blood vessels with precision.",@user,https://interestingengineering.com/science/magnetic-robotic-catheter-devised-to-efficiently-treat-ischemic-strokes,681,24,2 days ago,,"targeting diseased blood vessels, magnetic robotic catheter devised, efficiently treat ischemic strokes, vascular system efficiently, rotational motion, helical surface, edge device, precision, navigate, cutting",
t3_1ardw87,Ultrasound waves spark movement in sleepy sperm by up to 266%,@user,https://newatlas.com/medical/ultrasound-waves-sperm-motility/,953,98,2 days ago,,"ultrasound waves spark movement, sleepy sperm, 266",
t3_1armyjr,"Surgical robot, MIRA, aces zero-gravity examination in space | SpaceMIRA, a miniature surgical robot, excels in zero gravity, promising revolutionary advances in remote surgery and healthcare accessibility worldwide.",@user,https://interestingengineering.com/innovation/surgical-robot-mira-succeeds-space,107,3,2 days ago,,"promising revolutionary advances, healthcare accessibility worldwide, miniature surgical robot, surgical robot, zero gravity, remote surgery, gravity examination, aces zero, spacemira, space, mira, excels",
t3_1arxn30,The existence of a new kind of magnetism has been confirmed,@user,https://www.newscientist.com/article/2417255-the-existence-of-a-new-kind-of-magnetism-has-been-confirmed/,1,136,1 day ago,,"new kind, magnetism, existence, confirmed",
t3_1arxuvo,Open AI can now create video from text,@user,https://openai.com/sora,25,4,1 day ago,,"open ai, create video, text",
t3_1as5xs9,US researchers develop 'unhackable' computer chip that works on light | Computations can be performed at light speed in this chip which is ready for deployment for building AI models immediately.,@user,https://interestingengineering.com/innovation/unhackable-computer-chip-works-on-light,607,103,22 hr. ago,,"building ai models immediately, us researchers develop, light speed, computer chip, light, chip, works, unhackable, ready, performed, deployment, computations",
t3_1as7458,"LED glass basketball court to make NBA debut this month, displaying stats and replays | Courts can also display other entertainment content and host potentially any hardcourt sport",@user,https://www.techspot.com/news/101908-led-glass-basketball-court-make-nba-debut-month.html,442,104,21 hr. ago,,"led glass basketball court, make nba debut, host potentially, hardcourt sport, entertainment content, displaying stats, also display, replays, month, courts",
t3_1asawcw,New Solid Electrolyte Matches Liquid Performance. Better solid electrolytes could result in safer batteries that don’t explode.,@user,https://spectrum.ieee.org/battery-electrolyte,831,44,18 hr. ago,,"new solid electrolyte matches liquid performance, better solid electrolytes could result, safer batteries, ’, explode",
t3_1asnwma,New chip opens door to AI computing at light speed,@user,https://phys.org/news/2024-02-chip-door-ai.html,67,4,9 hr. ago,,"new chip opens door, light speed, ai computing",
